/*M!999999\- enable the sandbox mode */ 
-- MariaDB dump 10.19  Distrib 10.11.10-MariaDB, for Linux (x86_64)
--
-- Host: localhost    Database: shukulabo
-- ------------------------------------------------------
-- Server version	10.11.10-MariaDB

/*!40101 SET @OLD_CHARACTER_SET_CLIENT=@@CHARACTER_SET_CLIENT */;
/*!40101 SET @OLD_CHARACTER_SET_RESULTS=@@CHARACTER_SET_RESULTS */;
/*!40101 SET @OLD_COLLATION_CONNECTION=@@COLLATION_CONNECTION */;
/*!40101 SET NAMES utf8mb4 */;
/*!40103 SET @OLD_TIME_ZONE=@@TIME_ZONE */;
/*!40103 SET TIME_ZONE='+00:00' */;
/*!40014 SET @OLD_UNIQUE_CHECKS=@@UNIQUE_CHECKS, UNIQUE_CHECKS=0 */;
/*!40014 SET @OLD_FOREIGN_KEY_CHECKS=@@FOREIGN_KEY_CHECKS, FOREIGN_KEY_CHECKS=0 */;
/*!40101 SET @OLD_SQL_MODE=@@SQL_MODE, SQL_MODE='NO_AUTO_VALUE_ON_ZERO' */;
/*!40111 SET @OLD_SQL_NOTES=@@SQL_NOTES, SQL_NOTES=0 */;

--
-- Table structure for table `account_groups`
--

DROP TABLE IF EXISTS `account_groups`;
/*!40101 SET @saved_cs_client     = @@character_set_client */;
/*!40101 SET character_set_client = utf8 */;
CREATE TABLE `account_groups` (
  `id` bigint(20) NOT NULL AUTO_INCREMENT,
  `name` varchar(255) DEFAULT NULL,
  `created_at` datetime(6) NOT NULL,
  `updated_at` datetime(6) NOT NULL,
  PRIMARY KEY (`id`)
) ENGINE=InnoDB AUTO_INCREMENT=3 DEFAULT CHARSET=utf8mb4 COLLATE=utf8mb4_general_ci;
/*!40101 SET character_set_client = @saved_cs_client */;

--
-- Dumping data for table `account_groups`
--

LOCK TABLES `account_groups` WRITE;
/*!40000 ALTER TABLE `account_groups` DISABLE KEYS */;
INSERT INTO `account_groups` VALUES
(1,'田子森一族','2025-03-23 18:14:25.786023','2025-03-23 18:14:25.786023'),
(2,'小喜多','2025-03-25 10:07:13.450135','2025-03-25 10:07:13.450135');
/*!40000 ALTER TABLE `account_groups` ENABLE KEYS */;
UNLOCK TABLES;

--
-- Table structure for table `active_storage_attachments`
--

DROP TABLE IF EXISTS `active_storage_attachments`;
/*!40101 SET @saved_cs_client     = @@character_set_client */;
/*!40101 SET character_set_client = utf8 */;
CREATE TABLE `active_storage_attachments` (
  `id` bigint(20) NOT NULL AUTO_INCREMENT,
  `name` varchar(255) NOT NULL,
  `record_type` varchar(255) NOT NULL,
  `record_id` bigint(20) NOT NULL,
  `blob_id` bigint(20) NOT NULL,
  `created_at` datetime(6) NOT NULL,
  PRIMARY KEY (`id`),
  UNIQUE KEY `index_active_storage_attachments_uniqueness` (`record_type`,`record_id`,`name`,`blob_id`),
  KEY `index_active_storage_attachments_on_blob_id` (`blob_id`),
  CONSTRAINT `fk_rails_c3b3935057` FOREIGN KEY (`blob_id`) REFERENCES `active_storage_blobs` (`id`)
) ENGINE=InnoDB AUTO_INCREMENT=34 DEFAULT CHARSET=utf8mb4 COLLATE=utf8mb4_general_ci;
/*!40101 SET character_set_client = @saved_cs_client */;

--
-- Dumping data for table `active_storage_attachments`
--

LOCK TABLES `active_storage_attachments` WRITE;
/*!40000 ALTER TABLE `active_storage_attachments` DISABLE KEYS */;
INSERT INTO `active_storage_attachments` VALUES
(1,'question_image','TeachingMaterial',1,1,'2025-03-23 17:49:11.753959'),
(2,'question_image','TeachingMaterial',2,2,'2025-03-23 18:34:28.157805'),
(3,'question_image','TeachingMaterial',3,3,'2025-03-23 18:36:00.059049'),
(4,'question_image','TeachingMaterial',4,4,'2025-03-23 18:39:26.455808'),
(5,'question_image','TeachingMaterial',5,5,'2025-03-23 18:51:14.528811'),
(6,'question_image','TeachingMaterial',6,6,'2025-03-23 18:53:17.728699'),
(7,'question_image','TeachingMaterial',7,7,'2025-03-23 19:00:20.651309'),
(8,'question_image','TeachingMaterial',8,8,'2025-03-23 19:01:14.304019'),
(9,'question_image','TeachingMaterial',9,9,'2025-03-23 19:01:56.561538'),
(10,'question_image','TeachingMaterial',10,10,'2025-03-23 19:04:02.121223'),
(11,'question_image','TeachingMaterial',11,11,'2025-03-23 19:04:44.183490'),
(12,'question_image','TeachingMaterial',12,12,'2025-03-23 19:09:31.311603'),
(13,'question_image','TeachingMaterial',13,13,'2025-03-23 19:10:00.340533'),
(14,'question_image','TeachingMaterial',14,14,'2025-03-23 19:11:20.922926'),
(15,'question_image','TeachingMaterial',15,15,'2025-03-23 19:12:59.802034'),
(16,'question_image','TeachingMaterial',16,16,'2025-03-23 19:13:51.782767'),
(17,'question_image','TeachingMaterial',17,17,'2025-03-23 19:21:24.183001'),
(18,'question_image','TeachingMaterial',18,18,'2025-03-23 19:22:23.282606'),
(19,'question_image','TeachingMaterial',19,19,'2025-03-23 19:23:27.231048'),
(20,'question_image','TeachingMaterial',20,20,'2025-03-23 19:24:10.811934'),
(21,'question_image','TeachingMaterial',21,21,'2025-03-23 19:25:30.159510'),
(22,'question_image','TeachingMaterial',22,22,'2025-03-23 19:26:12.336886'),
(23,'question_image','TeachingMaterial',23,23,'2025-03-23 19:26:54.995717'),
(24,'images','HomeworkAnswer',1,24,'2025-03-23 22:56:29.939175'),
(27,'images','HomeworkAnswer',2,27,'2025-03-24 14:15:28.623940'),
(29,'images','HomeworkAnswer',2,29,'2025-03-24 17:47:35.584242'),
(30,'images','HomeworkAnswer',3,30,'2025-03-25 10:53:10.569073'),
(31,'images','HomeworkAnswer',3,31,'2025-03-25 10:53:10.581450'),
(32,'images','HomeworkAnswer',3,32,'2025-03-25 10:53:10.590665'),
(33,'images','HomeworkAnswer',3,33,'2025-03-25 10:53:28.803300');
/*!40000 ALTER TABLE `active_storage_attachments` ENABLE KEYS */;
UNLOCK TABLES;

--
-- Table structure for table `active_storage_blobs`
--

DROP TABLE IF EXISTS `active_storage_blobs`;
/*!40101 SET @saved_cs_client     = @@character_set_client */;
/*!40101 SET character_set_client = utf8 */;
CREATE TABLE `active_storage_blobs` (
  `id` bigint(20) NOT NULL AUTO_INCREMENT,
  `key` varchar(255) NOT NULL,
  `filename` varchar(255) NOT NULL,
  `content_type` varchar(255) DEFAULT NULL,
  `metadata` text DEFAULT NULL,
  `service_name` varchar(255) NOT NULL,
  `byte_size` bigint(20) NOT NULL,
  `checksum` varchar(255) DEFAULT NULL,
  `created_at` datetime(6) NOT NULL,
  PRIMARY KEY (`id`),
  UNIQUE KEY `index_active_storage_blobs_on_key` (`key`)
) ENGINE=InnoDB AUTO_INCREMENT=34 DEFAULT CHARSET=utf8mb4 COLLATE=utf8mb4_general_ci;
/*!40101 SET character_set_client = @saved_cs_client */;

--
-- Dumping data for table `active_storage_blobs`
--

LOCK TABLES `active_storage_blobs` WRITE;
/*!40000 ALTER TABLE `active_storage_blobs` DISABLE KEYS */;
INSERT INTO `active_storage_blobs` VALUES
(1,'47y8dziic8drchsgfupm1exute7j','てr.jpg','image/jpeg','{\"identified\":true,\"analyzed\":true}','local',7371,'WkjKQC8+jq6drz3ElCOigA==','2025-03-23 17:49:11.750972'),
(2,'u4x11n1egekga7pd817265zp94g2','日大2022-A2-1:20.jpg','image/jpeg','{\"identified\":true,\"analyzed\":true}','local',50800,'KM9ICpFkkd+ivizrQD2ftA==','2025-03-23 18:34:28.155280'),
(3,'rfuvaocs7uks1o589axmmv553ehd','2022.jpg','image/jpeg','{\"identified\":true,\"analyzed\":true}','local',61819,'ajxl0mWB54VRhgVkexOh1A==','2025-03-23 18:36:00.056508'),
(4,'v0cfsoompp2ieabl183z0yyz419e','2022-3.jpg','image/jpeg','{\"identified\":true,\"analyzed\":true}','local',131245,'tHF8mwtQX5WrEP0FGeN8wg==','2025-03-23 18:39:26.453724'),
(5,'ph5mba0b4c836wjz6ux9654u60d6','1-4.jpg','image/jpeg','{\"identified\":true,\"analyzed\":true}','local',473490,'fwVEP9GSjIdBpiOIY3NpRw==','2025-03-23 18:51:14.526400'),
(6,'005e3ppkocfcweg3sr9wsjhuxsl9','1-5.jpg','image/jpeg','{\"identified\":true,\"analyzed\":true}','local',357755,'OzIxH/5i5yE+3FjdmNcy+g==','2025-03-23 18:53:17.726253'),
(7,'36o77994d28rawhmya7gevjqbnza','C-1-1.jpg','image/jpeg','{\"identified\":true,\"analyzed\":true}','local',35119,'5Pc1+JdhPdN1NFnXqXHnKA==','2025-03-23 19:00:20.648526'),
(8,'elbsahpilz0mt68tfsqcpb4ebdb9','C-1-2.jpg','image/jpeg','{\"identified\":true,\"analyzed\":true}','local',43859,'IzOvTOGMQT4eCqs9WyGdWg==','2025-03-23 19:01:14.301791'),
(9,'it7ltr6z1w9gse5neqvk8uk9qbej','c-1-3.jpg','image/jpeg','{\"identified\":true,\"analyzed\":true}','local',62910,'v8bITcrvoRGZWcWGI0YpgA==','2025-03-23 19:01:56.558997'),
(10,'xl9rflabe85f3l2bj2ipnoap5fjd','C-1-4.jpg','image/jpeg','{\"identified\":true,\"analyzed\":true}','local',299144,'njBqWztlzbjWyaHnopwupg==','2025-03-23 19:04:02.118634'),
(11,'it351eyeuoclu91r4xn6ielqkp73','c-1-5.jpg','image/jpeg','{\"identified\":true,\"analyzed\":true}','local',394266,'tqudFM10BNg/1XxuC5aiTQ==','2025-03-23 19:04:44.181168'),
(12,'8ttme3tfuh604csejyz60mmuxb90','1-1.jpg','image/jpeg','{\"identified\":true,\"analyzed\":true}','local',57535,'JERYp6CrDJZHBE7vlUyOfQ==','2025-03-23 19:09:31.309307'),
(13,'0vqe26f9vu7nomkmi2quih46sfuw','1-2.jpg','image/jpeg','{\"identified\":true,\"analyzed\":true}','local',68291,'uHUrZmGaSB/crJ+90+55pg==','2025-03-23 19:10:00.338310'),
(14,'s0gvqeup8zmat6kskunhi6jvlll2','1-3.jpg','image/jpeg','{\"identified\":true,\"analyzed\":true}','local',138577,'v308TL80iUvycnD/ZiyE/A==','2025-03-23 19:11:20.920217'),
(15,'iqpinj4676hl1pjkf20gmasx47ss','1-4.jpg','image/jpeg','{\"identified\":true,\"analyzed\":true}','local',302974,'pgzMcpaeK5cMZ3g5LzOykQ==','2025-03-23 19:12:59.799471'),
(16,'7pustzl21a7v1jhvt1a184ae40yb','1-5.jpg','image/jpeg','{\"identified\":true,\"analyzed\":true}','local',455837,'bMTsH+BoA1RjjnFCLSACcQ==','2025-03-23 19:13:51.780768'),
(17,'1k1fcqjecori7oalr3zoevcypwso','1.jpg','image/jpeg','{\"identified\":true,\"analyzed\":true}','local',42437,'H0sfPCFR5bYWDNXMlZK+lQ==','2025-03-23 19:21:24.180178'),
(18,'x4geo7ohgjmstu3bp5kjjxdt8prs','2.jpg','image/jpeg','{\"identified\":true,\"analyzed\":true}','local',38161,'FoKFjvyypzJxz1/LQ7vSfw==','2025-03-23 19:22:23.280044'),
(19,'n97yov7tijll0uzw9qds2ntywbx1','3.jpg','image/jpeg','{\"identified\":true,\"analyzed\":true}','local',133439,'xkUWKwdPBr5VpTey6YZSOQ==','2025-03-23 19:23:27.228374'),
(20,'peb9ouitlx8shfog2zt4ccpvdykg','4.jpg','image/jpeg','{\"identified\":true,\"analyzed\":true}','local',250124,'e3RJjKzOFX6qSbngC8fNmA==','2025-03-23 19:24:10.808961'),
(21,'qj82u5wjgxotrwvhmrht27rxw37p','5.jpg','image/jpeg','{\"identified\":true,\"analyzed\":true}','local',373449,'5kt35/QXbu4cNGX/u0J28A==','2025-03-23 19:25:30.156301'),
(22,'w0s9x54zoc59w5hcs4op8y24bvai','6.jpg','image/jpeg','{\"identified\":true,\"analyzed\":true}','local',102655,'KZqYP17bo1LVsk0rcqLwNw==','2025-03-23 19:26:12.334720'),
(23,'3a3iljf6r6gzvo653496rk7zg6yp','7.jpg','image/jpeg','{\"identified\":true,\"analyzed\":true}','local',154738,'321uvoa4un1wwnJPEXQ2bg==','2025-03-23 19:26:54.993124'),
(24,'62m9im8bwnx19bklh9qbfz6sgrde','image.jpg','image/jpeg','{\"identified\":true,\"analyzed\":true}','local',1851535,'2y6aAu3+aqL75l8CltIWdA==','2025-03-23 22:56:29.936283'),
(27,'9yad60vpbq1halte3wfx8oq3uv41','image.jpg','image/jpeg','{\"identified\":true,\"analyzed\":true}','local',2477323,'lf0Zwq8u+CUjsXotCRt8Iw==','2025-03-24 14:15:28.621031'),
(29,'kc27q6ns33dzyzvff45rzo3afkjs','IMG_3276.jpeg','image/jpeg','{\"identified\":true,\"analyzed\":true}','local',2375770,'O2jT0ruO0Hkqx+2qjKEZBQ==','2025-03-24 17:47:35.577628'),
(30,'34mm1no3tc14rygj81awrrjfa8au','IMG_3276.jpeg','image/jpeg','{\"identified\":true,\"analyzed\":true}','local',2375770,'O2jT0ruO0Hkqx+2qjKEZBQ==','2025-03-25 10:53:10.558400'),
(31,'9w99ectn2rntlduy538dd742nt50','IMG_3281.jpeg','image/jpeg','{\"identified\":true,\"analyzed\":true}','local',2418058,'OcBUMdBqThN8Hw9jXOaWeg==','2025-03-25 10:53:10.578554'),
(32,'a22yy7sekvq7kr6gcbh9avw0hr6z','IMG_3278.jpeg','image/jpeg','{\"identified\":true,\"analyzed\":true}','local',2508181,'lemVuZGGQ5co371mg1AKGg==','2025-03-25 10:53:10.587864'),
(33,'1ij6pigxn4dn8i50zrjz46maxv8d','IMG_3275.jpeg','image/jpeg','{\"identified\":true,\"analyzed\":true}','local',2407477,'uvAN92as9Jc639Z57PVOiA==','2025-03-25 10:53:28.752795');
/*!40000 ALTER TABLE `active_storage_blobs` ENABLE KEYS */;
UNLOCK TABLES;

--
-- Table structure for table `active_storage_variant_records`
--

DROP TABLE IF EXISTS `active_storage_variant_records`;
/*!40101 SET @saved_cs_client     = @@character_set_client */;
/*!40101 SET character_set_client = utf8 */;
CREATE TABLE `active_storage_variant_records` (
  `id` bigint(20) NOT NULL AUTO_INCREMENT,
  `blob_id` bigint(20) NOT NULL,
  `variation_digest` varchar(255) NOT NULL,
  PRIMARY KEY (`id`),
  UNIQUE KEY `index_active_storage_variant_records_uniqueness` (`blob_id`,`variation_digest`),
  CONSTRAINT `fk_rails_993965df05` FOREIGN KEY (`blob_id`) REFERENCES `active_storage_blobs` (`id`)
) ENGINE=InnoDB DEFAULT CHARSET=utf8mb4 COLLATE=utf8mb4_general_ci;
/*!40101 SET character_set_client = @saved_cs_client */;

--
-- Dumping data for table `active_storage_variant_records`
--

LOCK TABLES `active_storage_variant_records` WRITE;
/*!40000 ALTER TABLE `active_storage_variant_records` DISABLE KEYS */;
/*!40000 ALTER TABLE `active_storage_variant_records` ENABLE KEYS */;
UNLOCK TABLES;

--
-- Table structure for table `ar_internal_metadata`
--

DROP TABLE IF EXISTS `ar_internal_metadata`;
/*!40101 SET @saved_cs_client     = @@character_set_client */;
/*!40101 SET character_set_client = utf8 */;
CREATE TABLE `ar_internal_metadata` (
  `key` varchar(255) NOT NULL,
  `value` varchar(255) DEFAULT NULL,
  `created_at` datetime(6) NOT NULL,
  `updated_at` datetime(6) NOT NULL,
  PRIMARY KEY (`key`)
) ENGINE=InnoDB DEFAULT CHARSET=utf8mb4 COLLATE=utf8mb4_general_ci;
/*!40101 SET character_set_client = @saved_cs_client */;

--
-- Dumping data for table `ar_internal_metadata`
--

LOCK TABLES `ar_internal_metadata` WRITE;
/*!40000 ALTER TABLE `ar_internal_metadata` DISABLE KEYS */;
INSERT INTO `ar_internal_metadata` VALUES
('environment','development','2025-03-23 17:18:37.318563','2025-03-23 17:18:37.318564');
/*!40000 ALTER TABLE `ar_internal_metadata` ENABLE KEYS */;
UNLOCK TABLES;

--
-- Table structure for table `homework_answer_grades`
--

DROP TABLE IF EXISTS `homework_answer_grades`;
/*!40101 SET @saved_cs_client     = @@character_set_client */;
/*!40101 SET character_set_client = utf8 */;
CREATE TABLE `homework_answer_grades` (
  `id` bigint(20) NOT NULL AUTO_INCREMENT,
  `homework_answer_id` bigint(20) NOT NULL COMMENT '採点対象の回答',
  `teaching_material_id` bigint(20) NOT NULL COMMENT '採点対象の問題',
  `score` int(11) DEFAULT NULL COMMENT '採点結果（0: ×, 1: △, 2: ○）',
  `comment` text DEFAULT NULL COMMENT '採点コメント',
  `repeat` tinyint(1) NOT NULL DEFAULT 0 COMMENT 'リピート問題フラグ',
  `created_at` datetime(6) NOT NULL,
  `updated_at` datetime(6) NOT NULL,
  PRIMARY KEY (`id`),
  UNIQUE KEY `idx_unique_grade` (`homework_answer_id`,`teaching_material_id`),
  KEY `index_homework_answer_grades_on_homework_answer_id` (`homework_answer_id`),
  KEY `index_homework_answer_grades_on_teaching_material_id` (`teaching_material_id`),
  CONSTRAINT `fk_rails_17f4873b3c` FOREIGN KEY (`teaching_material_id`) REFERENCES `teaching_materials` (`id`),
  CONSTRAINT `fk_rails_1f0b8d05c5` FOREIGN KEY (`homework_answer_id`) REFERENCES `homework_answers` (`id`)
) ENGINE=InnoDB AUTO_INCREMENT=7 DEFAULT CHARSET=utf8mb4 COLLATE=utf8mb4_general_ci;
/*!40101 SET character_set_client = @saved_cs_client */;

--
-- Dumping data for table `homework_answer_grades`
--

LOCK TABLES `homework_answer_grades` WRITE;
/*!40000 ALTER TABLE `homework_answer_grades` DISABLE KEYS */;
INSERT INTO `homework_answer_grades` VALUES
(1,1,3,1,'',0,'2025-03-23 22:59:45.238214','2025-03-23 22:59:45.238214'),
(2,1,2,2,'',0,'2025-03-23 22:59:51.528378','2025-03-23 22:59:51.528378'),
(3,2,23,1,'',0,'2025-03-23 23:02:02.578408','2025-03-23 23:02:02.578408'),
(4,2,22,2,'',0,'2025-03-23 23:02:08.698212','2025-03-23 23:02:08.698212'),
(5,3,18,1,'',0,'2025-03-25 10:54:20.500532','2025-03-25 10:54:20.500532'),
(6,3,13,2,'',0,'2025-03-25 10:54:27.555453','2025-03-25 10:54:27.555453');
/*!40000 ALTER TABLE `homework_answer_grades` ENABLE KEYS */;
UNLOCK TABLES;

--
-- Table structure for table `homework_answers`
--

DROP TABLE IF EXISTS `homework_answers`;
/*!40101 SET @saved_cs_client     = @@character_set_client */;
/*!40101 SET character_set_client = utf8 */;
CREATE TABLE `homework_answers` (
  `id` bigint(20) NOT NULL AUTO_INCREMENT,
  `homework_id` bigint(20) NOT NULL,
  `user_id` bigint(20) NOT NULL,
  `answer_text` text DEFAULT NULL,
  `created_at` datetime(6) NOT NULL,
  `updated_at` datetime(6) NOT NULL,
  PRIMARY KEY (`id`),
  KEY `index_homework_answers_on_homework_id` (`homework_id`),
  KEY `index_homework_answers_on_user_id` (`user_id`),
  CONSTRAINT `fk_rails_d00afef74d` FOREIGN KEY (`homework_id`) REFERENCES `homeworks` (`id`),
  CONSTRAINT `fk_rails_e470171905` FOREIGN KEY (`user_id`) REFERENCES `users` (`id`)
) ENGINE=InnoDB AUTO_INCREMENT=4 DEFAULT CHARSET=utf8mb4 COLLATE=utf8mb4_general_ci;
/*!40101 SET character_set_client = @saved_cs_client */;

--
-- Dumping data for table `homework_answers`
--

LOCK TABLES `homework_answers` WRITE;
/*!40000 ALTER TABLE `homework_answers` DISABLE KEYS */;
INSERT INTO `homework_answers` VALUES
(1,1,2,'','2025-03-23 22:56:29.931215','2025-03-23 22:56:30.007208'),
(2,3,2,'','2025-03-23 23:01:18.817352','2025-03-24 17:47:35.877248'),
(3,8,2,'','2025-03-25 10:53:10.509719','2025-03-25 10:53:30.030289');
/*!40000 ALTER TABLE `homework_answers` ENABLE KEYS */;
UNLOCK TABLES;

--
-- Table structure for table `homework_materials`
--

DROP TABLE IF EXISTS `homework_materials`;
/*!40101 SET @saved_cs_client     = @@character_set_client */;
/*!40101 SET character_set_client = utf8 */;
CREATE TABLE `homework_materials` (
  `id` bigint(20) NOT NULL AUTO_INCREMENT,
  `homework_id` bigint(20) NOT NULL,
  `teaching_material_id` bigint(20) NOT NULL,
  `position` int(11) DEFAULT NULL,
  `created_at` datetime(6) NOT NULL,
  `updated_at` datetime(6) NOT NULL,
  PRIMARY KEY (`id`),
  KEY `index_homework_materials_on_homework_id` (`homework_id`),
  KEY `index_homework_materials_on_teaching_material_id` (`teaching_material_id`),
  CONSTRAINT `fk_rails_5ceedc5bc9` FOREIGN KEY (`teaching_material_id`) REFERENCES `teaching_materials` (`id`),
  CONSTRAINT `fk_rails_ff0f2799e4` FOREIGN KEY (`homework_id`) REFERENCES `homeworks` (`id`)
) ENGINE=InnoDB AUTO_INCREMENT=21 DEFAULT CHARSET=utf8mb4 COLLATE=utf8mb4_general_ci;
/*!40101 SET character_set_client = @saved_cs_client */;

--
-- Dumping data for table `homework_materials`
--

LOCK TABLES `homework_materials` WRITE;
/*!40000 ALTER TABLE `homework_materials` DISABLE KEYS */;
INSERT INTO `homework_materials` VALUES
(1,1,3,0,'2025-03-23 22:54:35.890211','2025-03-23 22:54:35.890211'),
(2,1,2,1,'2025-03-23 22:54:35.908843','2025-03-23 22:54:35.908843'),
(5,3,23,0,'2025-03-23 23:00:36.520201','2025-03-23 23:00:36.520201'),
(6,3,22,1,'2025-03-23 23:00:36.526285','2025-03-23 23:00:36.526285'),
(17,8,18,0,'2025-03-25 10:52:46.224217','2025-03-25 10:52:46.224217'),
(18,8,13,0,'2025-03-25 10:52:46.227317','2025-03-25 10:52:46.227317'),
(19,9,18,0,'2025-03-25 10:55:58.514153','2025-03-25 10:55:58.514153'),
(20,9,13,0,'2025-03-25 10:55:58.527123','2025-03-25 10:55:58.527123');
/*!40000 ALTER TABLE `homework_materials` ENABLE KEYS */;
UNLOCK TABLES;

--
-- Table structure for table `homeworks`
--

DROP TABLE IF EXISTS `homeworks`;
/*!40101 SET @saved_cs_client     = @@character_set_client */;
/*!40101 SET character_set_client = utf8 */;
CREATE TABLE `homeworks` (
  `id` bigint(20) NOT NULL AUTO_INCREMENT,
  `title` varchar(255) DEFAULT NULL,
  `deadline` datetime(6) DEFAULT NULL,
  `account_group_id` bigint(20) NOT NULL,
  `user_id` bigint(20) NOT NULL,
  `created_at` datetime(6) NOT NULL,
  `updated_at` datetime(6) NOT NULL,
  PRIMARY KEY (`id`),
  KEY `index_homeworks_on_account_group_id` (`account_group_id`),
  KEY `index_homeworks_on_user_id` (`user_id`),
  CONSTRAINT `fk_rails_3a2508f3b3` FOREIGN KEY (`user_id`) REFERENCES `users` (`id`),
  CONSTRAINT `fk_rails_fe996fc92e` FOREIGN KEY (`account_group_id`) REFERENCES `account_groups` (`id`)
) ENGINE=InnoDB AUTO_INCREMENT=10 DEFAULT CHARSET=utf8mb4 COLLATE=utf8mb4_general_ci;
/*!40101 SET character_set_client = @saved_cs_client */;

--
-- Dumping data for table `homeworks`
--

LOCK TABLES `homeworks` WRITE;
/*!40000 ALTER TABLE `homeworks` DISABLE KEYS */;
INSERT INTO `homeworks` VALUES
(1,'0323宿題','2025-03-24 22:54:00.000000',1,1,'2025-03-23 22:54:35.874419','2025-03-23 22:54:35.874419'),
(3,'0323宿題2','2025-03-25 23:00:00.000000',1,1,'2025-03-23 23:00:36.511766','2025-03-23 23:00:36.511766'),
(8,'test','2025-03-29 10:52:00.000000',1,1,'2025-03-25 10:52:46.219991','2025-03-25 10:52:46.219991'),
(9,'0326','2025-03-26 19:15:00.000000',2,1,'2025-03-25 10:55:58.483091','2025-03-25 10:55:58.483091');
/*!40000 ALTER TABLE `homeworks` ENABLE KEYS */;
UNLOCK TABLES;

--
-- Table structure for table `schema_migrations`
--

DROP TABLE IF EXISTS `schema_migrations`;
/*!40101 SET @saved_cs_client     = @@character_set_client */;
/*!40101 SET character_set_client = utf8 */;
CREATE TABLE `schema_migrations` (
  `version` varchar(255) NOT NULL,
  PRIMARY KEY (`version`)
) ENGINE=InnoDB DEFAULT CHARSET=utf8mb4 COLLATE=utf8mb4_general_ci;
/*!40101 SET character_set_client = @saved_cs_client */;

--
-- Dumping data for table `schema_migrations`
--

LOCK TABLES `schema_migrations` WRITE;
/*!40000 ALTER TABLE `schema_migrations` DISABLE KEYS */;
INSERT INTO `schema_migrations` VALUES
('20250323065932'),
('20250323065933'),
('20250323065934'),
('20250323065935'),
('20250323065936'),
('20250323065937'),
('20250323065952'),
('20250323065953'),
('20250323070254'),
('20250323070255'),
('20250323074631'),
('20250323074632'),
('20250323074633'),
('20250323074650'),
('20250323074651'),
('20250323074652'),
('20250323125306'),
('20250323125902'),
('20250323131300'),
('20250323131417');
/*!40000 ALTER TABLE `schema_migrations` ENABLE KEYS */;
UNLOCK TABLES;

--
-- Table structure for table `tags`
--

DROP TABLE IF EXISTS `tags`;
/*!40101 SET @saved_cs_client     = @@character_set_client */;
/*!40101 SET character_set_client = utf8 */;
CREATE TABLE `tags` (
  `id` bigint(20) NOT NULL AUTO_INCREMENT,
  `name` varchar(255) DEFAULT NULL,
  `created_at` datetime(6) NOT NULL,
  `updated_at` datetime(6) NOT NULL,
  PRIMARY KEY (`id`)
) ENGINE=InnoDB AUTO_INCREMENT=11 DEFAULT CHARSET=utf8mb4 COLLATE=utf8mb4_general_ci;
/*!40101 SET character_set_client = @saved_cs_client */;

--
-- Dumping data for table `tags`
--

LOCK TABLES `tags` WRITE;
/*!40000 ALTER TABLE `tags` DISABLE KEYS */;
INSERT INTO `tags` VALUES
(1,'6年生','2025-03-23 17:49:36.687609','2025-03-23 17:49:36.687609'),
(2,'計算問題','2025-03-23 17:49:43.231123','2025-03-23 17:49:43.231123'),
(3,'日大日吉','2025-03-23 18:37:14.502174','2025-03-23 18:37:14.502174'),
(4,'灘','2025-03-23 18:37:22.806722','2025-03-23 18:37:22.806722'),
(5,'小問集合','2025-03-23 18:51:32.819430','2025-03-23 18:51:32.819430'),
(6,'平面図形','2025-03-23 18:51:42.510570','2025-03-23 18:51:42.510570'),
(7,'角度','2025-03-23 18:51:47.959221','2025-03-23 18:51:47.959221'),
(8,'穴埋め','2025-03-23 19:02:04.727048','2025-03-23 19:02:04.727048'),
(9,'整数','2025-03-23 19:11:30.054443','2025-03-23 19:11:30.054443'),
(10,'場合の数','2025-03-23 19:27:05.978415','2025-03-23 19:27:05.978415');
/*!40000 ALTER TABLE `tags` ENABLE KEYS */;
UNLOCK TABLES;

--
-- Table structure for table `teaching_material_tags`
--

DROP TABLE IF EXISTS `teaching_material_tags`;
/*!40101 SET @saved_cs_client     = @@character_set_client */;
/*!40101 SET character_set_client = utf8 */;
CREATE TABLE `teaching_material_tags` (
  `id` bigint(20) NOT NULL AUTO_INCREMENT,
  `teaching_material_id` bigint(20) NOT NULL,
  `tag_id` bigint(20) NOT NULL,
  `created_at` datetime(6) NOT NULL,
  `updated_at` datetime(6) NOT NULL,
  PRIMARY KEY (`id`),
  KEY `index_teaching_material_tags_on_teaching_material_id` (`teaching_material_id`),
  KEY `index_teaching_material_tags_on_tag_id` (`tag_id`),
  CONSTRAINT `fk_rails_42c9442bba` FOREIGN KEY (`teaching_material_id`) REFERENCES `teaching_materials` (`id`),
  CONSTRAINT `fk_rails_72ba624754` FOREIGN KEY (`tag_id`) REFERENCES `tags` (`id`)
) ENGINE=InnoDB AUTO_INCREMENT=85 DEFAULT CHARSET=utf8mb4 COLLATE=utf8mb4_general_ci;
/*!40101 SET character_set_client = @saved_cs_client */;

--
-- Dumping data for table `teaching_material_tags`
--

LOCK TABLES `teaching_material_tags` WRITE;
/*!40000 ALTER TABLE `teaching_material_tags` DISABLE KEYS */;
INSERT INTO `teaching_material_tags` VALUES
(1,2,1,'2025-03-23 18:34:28.146987','2025-03-23 18:34:28.146987'),
(2,2,2,'2025-03-23 18:34:28.150427','2025-03-23 18:34:28.150427'),
(3,3,1,'2025-03-23 18:36:05.755218','2025-03-23 18:36:05.755218'),
(4,3,2,'2025-03-23 18:36:05.759023','2025-03-23 18:36:05.759023'),
(5,3,3,'2025-03-23 18:37:30.409331','2025-03-23 18:37:30.409331'),
(6,2,3,'2025-03-23 18:37:41.207367','2025-03-23 18:37:41.207367'),
(7,1,1,'2025-03-23 18:37:52.389391','2025-03-23 18:37:52.389391'),
(8,1,2,'2025-03-23 18:37:52.394030','2025-03-23 18:37:52.394030'),
(9,1,4,'2025-03-23 18:37:52.399441','2025-03-23 18:37:52.399441'),
(10,4,1,'2025-03-23 18:39:26.445271','2025-03-23 18:39:26.445271'),
(11,4,3,'2025-03-23 18:39:26.449554','2025-03-23 18:39:26.449554'),
(12,5,1,'2025-03-23 18:51:14.518602','2025-03-23 18:51:14.518602'),
(13,5,3,'2025-03-23 18:51:14.521803','2025-03-23 18:51:14.521803'),
(14,5,5,'2025-03-23 18:52:00.486452','2025-03-23 18:52:00.486452'),
(15,5,6,'2025-03-23 18:52:00.493652','2025-03-23 18:52:00.493652'),
(16,5,7,'2025-03-23 18:52:00.498257','2025-03-23 18:52:00.498257'),
(17,6,1,'2025-03-23 18:53:17.711820','2025-03-23 18:53:17.711820'),
(18,6,3,'2025-03-23 18:53:17.715801','2025-03-23 18:53:17.715801'),
(19,6,5,'2025-03-23 18:53:17.718955','2025-03-23 18:53:17.718955'),
(20,6,6,'2025-03-23 18:53:17.722544','2025-03-23 18:53:17.722544'),
(21,7,1,'2025-03-23 19:00:20.632211','2025-03-23 19:00:20.632211'),
(22,7,2,'2025-03-23 19:00:20.637966','2025-03-23 19:00:20.637966'),
(23,7,3,'2025-03-23 19:00:20.642528','2025-03-23 19:00:20.642528'),
(24,8,1,'2025-03-23 19:01:14.290475','2025-03-23 19:01:14.290475'),
(25,8,2,'2025-03-23 19:01:14.294181','2025-03-23 19:01:14.294181'),
(26,8,3,'2025-03-23 19:01:14.297998','2025-03-23 19:01:14.297998'),
(27,9,1,'2025-03-23 19:01:56.545189','2025-03-23 19:01:56.545189'),
(28,9,2,'2025-03-23 19:01:56.548539','2025-03-23 19:01:56.548539'),
(29,9,3,'2025-03-23 19:01:56.551650','2025-03-23 19:01:56.551650'),
(31,8,8,'2025-03-23 19:02:40.354762','2025-03-23 19:02:40.354762'),
(32,3,8,'2025-03-23 19:02:55.092321','2025-03-23 19:02:55.092321'),
(33,10,1,'2025-03-23 19:04:02.104700','2025-03-23 19:04:02.104700'),
(34,10,6,'2025-03-23 19:04:02.110487','2025-03-23 19:04:02.110487'),
(35,10,7,'2025-03-23 19:04:02.113826','2025-03-23 19:04:02.113826'),
(36,11,1,'2025-03-23 19:04:44.167970','2025-03-23 19:04:44.167970'),
(37,11,3,'2025-03-23 19:04:44.171548','2025-03-23 19:04:44.171548'),
(38,11,5,'2025-03-23 19:04:44.175854','2025-03-23 19:04:44.175854'),
(39,12,1,'2025-03-23 19:09:31.297585','2025-03-23 19:09:31.297585'),
(40,12,2,'2025-03-23 19:09:31.301970','2025-03-23 19:09:31.301970'),
(41,12,3,'2025-03-23 19:09:31.305780','2025-03-23 19:09:31.305780'),
(42,13,1,'2025-03-23 19:10:00.327093','2025-03-23 19:10:00.327093'),
(43,13,2,'2025-03-23 19:10:00.330805','2025-03-23 19:10:00.330805'),
(44,13,8,'2025-03-23 19:10:00.333865','2025-03-23 19:10:00.333865'),
(45,14,1,'2025-03-23 19:11:20.907205','2025-03-23 19:11:20.907205'),
(46,14,3,'2025-03-23 19:11:20.911172','2025-03-23 19:11:20.911172'),
(47,14,5,'2025-03-23 19:11:20.915021','2025-03-23 19:11:20.915021'),
(48,14,9,'2025-03-23 19:11:41.499823','2025-03-23 19:11:41.499823'),
(49,15,1,'2025-03-23 19:12:59.778950','2025-03-23 19:12:59.778950'),
(50,15,3,'2025-03-23 19:12:59.783398','2025-03-23 19:12:59.783398'),
(51,15,5,'2025-03-23 19:12:59.787745','2025-03-23 19:12:59.787745'),
(52,15,6,'2025-03-23 19:12:59.791929','2025-03-23 19:12:59.791929'),
(53,15,7,'2025-03-23 19:12:59.795162','2025-03-23 19:12:59.795162'),
(54,16,1,'2025-03-23 19:13:51.766408','2025-03-23 19:13:51.766408'),
(55,16,3,'2025-03-23 19:13:51.769820','2025-03-23 19:13:51.769820'),
(56,16,5,'2025-03-23 19:13:51.773207','2025-03-23 19:13:51.773207'),
(57,16,6,'2025-03-23 19:13:51.776375','2025-03-23 19:13:51.776375'),
(58,17,1,'2025-03-23 19:21:24.169234','2025-03-23 19:21:24.169234'),
(59,17,2,'2025-03-23 19:21:24.172849','2025-03-23 19:21:24.172849'),
(60,17,3,'2025-03-23 19:21:24.176329','2025-03-23 19:21:24.176329'),
(61,18,1,'2025-03-23 19:22:23.265688','2025-03-23 19:22:23.265688'),
(62,18,2,'2025-03-23 19:22:23.269117','2025-03-23 19:22:23.269117'),
(63,18,5,'2025-03-23 19:22:23.272715','2025-03-23 19:22:23.272715'),
(64,18,8,'2025-03-23 19:22:23.276268','2025-03-23 19:22:23.276268'),
(65,19,1,'2025-03-23 19:23:27.214251','2025-03-23 19:23:27.214251'),
(66,19,3,'2025-03-23 19:23:27.218275','2025-03-23 19:23:27.218275'),
(67,19,5,'2025-03-23 19:23:27.221303','2025-03-23 19:23:27.221303'),
(68,19,9,'2025-03-23 19:23:27.224675','2025-03-23 19:23:27.224675'),
(69,20,1,'2025-03-23 19:24:10.791500','2025-03-23 19:24:10.791500'),
(70,20,3,'2025-03-23 19:24:10.794987','2025-03-23 19:24:10.794987'),
(71,20,5,'2025-03-23 19:24:10.798006','2025-03-23 19:24:10.798006'),
(72,20,6,'2025-03-23 19:24:10.801856','2025-03-23 19:24:10.801856'),
(73,20,7,'2025-03-23 19:24:10.804783','2025-03-23 19:24:10.804783'),
(74,21,1,'2025-03-23 19:25:30.140075','2025-03-23 19:25:30.140075'),
(75,21,3,'2025-03-23 19:25:30.143877','2025-03-23 19:25:30.143877'),
(76,21,5,'2025-03-23 19:25:30.148014','2025-03-23 19:25:30.148014'),
(77,21,6,'2025-03-23 19:25:30.151238','2025-03-23 19:25:30.151238'),
(78,22,1,'2025-03-23 19:26:12.324818','2025-03-23 19:26:12.324818'),
(79,22,3,'2025-03-23 19:26:12.327887','2025-03-23 19:26:12.327887'),
(80,22,5,'2025-03-23 19:26:12.331238','2025-03-23 19:26:12.331238'),
(81,23,1,'2025-03-23 19:26:54.982325','2025-03-23 19:26:54.982325'),
(82,23,3,'2025-03-23 19:26:54.985557','2025-03-23 19:26:54.985557'),
(83,23,5,'2025-03-23 19:26:54.989159','2025-03-23 19:26:54.989159'),
(84,23,10,'2025-03-23 19:27:14.349893','2025-03-23 19:27:14.349893');
/*!40000 ALTER TABLE `teaching_material_tags` ENABLE KEYS */;
UNLOCK TABLES;

--
-- Table structure for table `teaching_materials`
--

DROP TABLE IF EXISTS `teaching_materials`;
/*!40101 SET @saved_cs_client     = @@character_set_client */;
/*!40101 SET character_set_client = utf8 */;
CREATE TABLE `teaching_materials` (
  `id` bigint(20) NOT NULL AUTO_INCREMENT,
  `title` varchar(255) DEFAULT NULL,
  `question_text` text DEFAULT NULL,
  `answer_text` text DEFAULT NULL,
  `created_at` datetime(6) NOT NULL,
  `updated_at` datetime(6) NOT NULL,
  `user_id` bigint(20) NOT NULL,
  `correct_answer` text DEFAULT NULL COMMENT '問題の正答',
  PRIMARY KEY (`id`),
  KEY `index_teaching_materials_on_user_id` (`user_id`),
  CONSTRAINT `fk_rails_012ab16582` FOREIGN KEY (`user_id`) REFERENCES `users` (`id`)
) ENGINE=InnoDB AUTO_INCREMENT=24 DEFAULT CHARSET=utf8mb4 COLLATE=utf8mb4_general_ci;
/*!40101 SET character_set_client = @saved_cs_client */;

--
-- Dumping data for table `teaching_materials`
--

LOCK TABLES `teaching_materials` WRITE;
/*!40000 ALTER TABLE `teaching_materials` DISABLE KEYS */;
INSERT INTO `teaching_materials` VALUES
(1,'灘中2025計算問題','','2.4','2025-03-23 17:49:11.745466','2025-03-23 17:49:11.950488',1,NULL),
(2,'2022日大A2日程1-1','','1/20','2025-03-23 18:34:28.142187','2025-03-23 18:34:28.198701',1,NULL),
(3,'2022日大A2日程1-2','','4','2025-03-23 18:36:00.051176','2025-03-23 18:36:00.094145',1,NULL),
(4,'日大2022-1-3','','17/24','2025-03-23 18:39:26.441942','2025-03-23 18:39:26.487862',1,NULL),
(5,'2022日大A2日程1-4','','240度','2025-03-23 18:51:14.512769','2025-03-23 18:51:14.564636',1,NULL),
(6,'2022日大A2日程1-5','','18cm^2','2025-03-23 18:53:17.707632','2025-03-23 18:53:17.767653',1,NULL),
(7,'2024日大C-1-1','','30','2025-03-23 19:00:20.627923','2025-03-23 19:00:20.691594',1,NULL),
(8,'2024日大C-1-2','','2024','2025-03-23 19:01:14.285921','2025-03-23 19:01:14.355628',1,NULL),
(9,'2024日大C-1-3','','75','2025-03-23 19:01:56.541590','2025-03-23 19:01:56.598427',1,NULL),
(10,'2024日大C-1-4','','69度','2025-03-23 19:04:02.098837','2025-03-23 19:04:02.165207',1,NULL),
(11,'2024日大C-1-5','','25個','2025-03-23 19:04:44.162564','2025-03-23 19:04:44.222168',1,NULL),
(12,'2023-A2-1-1','','0.3','2025-03-23 19:09:31.293514','2025-03-23 19:09:31.343361',1,NULL),
(13,'2023-A2-1-2','','5','2025-03-23 19:10:00.323234','2025-03-23 19:10:00.363872',1,NULL),
(14,'2024日大C-1-3','','81','2025-03-23 19:11:20.902780','2025-03-23 19:11:20.957037',1,NULL),
(15,'2023-A2-1-4','','45度','2025-03-23 19:12:59.774181','2025-03-23 19:12:59.835269',1,NULL),
(16,'2023-A2-1-5','','5.375cm^2','2025-03-23 19:13:51.761602','2025-03-23 19:13:51.817545',1,NULL),
(17,'日大2023-C-1-1','','1と2/3','2025-03-23 19:21:24.165446','2025-03-23 19:21:24.338571',1,NULL),
(18,'日大2023-C-1-2','','45','2025-03-23 19:22:23.261534','2025-03-23 19:22:23.316427',1,NULL),
(19,'日大2023-C-1-3','','ア...7\r\nイ...17','2025-03-23 19:23:27.209977','2025-03-23 19:23:27.265758',1,NULL),
(20,'日大2023-C-1-4','','85度','2025-03-23 19:24:10.788152','2025-03-23 19:24:10.854354',1,NULL),
(21,'日大2023-C-1-5','','20.565','2025-03-23 19:25:30.133962','2025-03-23 19:25:30.192291',1,NULL),
(22,'日大2023-C-1-6','','10日','2025-03-23 19:26:12.321697','2025-03-23 19:26:12.366977',1,NULL),
(23,'日大2023-C-1-7','','24通り','2025-03-23 19:26:54.977463','2025-03-23 19:26:55.026550',1,NULL);
/*!40000 ALTER TABLE `teaching_materials` ENABLE KEYS */;
UNLOCK TABLES;

--
-- Table structure for table `users`
--

DROP TABLE IF EXISTS `users`;
/*!40101 SET @saved_cs_client     = @@character_set_client */;
/*!40101 SET character_set_client = utf8 */;
CREATE TABLE `users` (
  `id` bigint(20) NOT NULL AUTO_INCREMENT,
  `email` varchar(255) DEFAULT NULL,
  `name` varchar(255) DEFAULT NULL,
  `uid` varchar(255) DEFAULT NULL,
  `provider` varchar(255) DEFAULT NULL,
  `is_admin` tinyint(1) DEFAULT 0,
  `created_at` datetime(6) NOT NULL,
  `updated_at` datetime(6) NOT NULL,
  `account_group_id` bigint(20) DEFAULT NULL,
  PRIMARY KEY (`id`),
  UNIQUE KEY `index_users_on_email` (`email`),
  UNIQUE KEY `index_users_on_uid` (`uid`),
  KEY `index_users_on_account_group_id` (`account_group_id`),
  CONSTRAINT `fk_rails_6bf6adb7f2` FOREIGN KEY (`account_group_id`) REFERENCES `account_groups` (`id`)
) ENGINE=InnoDB AUTO_INCREMENT=4 DEFAULT CHARSET=utf8mb4 COLLATE=utf8mb4_general_ci;
/*!40101 SET character_set_client = @saved_cs_client */;

--
-- Dumping data for table `users`
--

LOCK TABLES `users` WRITE;
/*!40000 ALTER TABLE `users` DISABLE KEYS */;
INSERT INTO `users` VALUES
(1,'satoshi.tagomori@seishinkai.tokyo','田子森聰','104518602773677061453','google_oauth2',1,'2025-03-23 17:45:55.911249','2025-03-23 17:45:55.911249',NULL),
(2,'tagomori.satoshi@gmail.com','湯山弘','104475006886316570588','google_oauth2',0,'2025-03-23 17:47:45.030126','2025-03-23 22:55:29.107490',1),
(3,'thekkts@gmail.com','Tomoaki & Yu Kokita','106938571995079574342','google_oauth2',0,'2025-03-24 16:02:11.530484','2025-03-25 10:07:34.490546',2);
/*!40000 ALTER TABLE `users` ENABLE KEYS */;
UNLOCK TABLES;
/*!40103 SET TIME_ZONE=@OLD_TIME_ZONE */;

/*!40101 SET SQL_MODE=@OLD_SQL_MODE */;
/*!40014 SET FOREIGN_KEY_CHECKS=@OLD_FOREIGN_KEY_CHECKS */;
/*!40014 SET UNIQUE_CHECKS=@OLD_UNIQUE_CHECKS */;
/*!40101 SET CHARACTER_SET_CLIENT=@OLD_CHARACTER_SET_CLIENT */;
/*!40101 SET CHARACTER_SET_RESULTS=@OLD_CHARACTER_SET_RESULTS */;
/*!40101 SET COLLATION_CONNECTION=@OLD_COLLATION_CONNECTION */;
/*!40111 SET SQL_NOTES=@OLD_SQL_NOTES */;

-- Dump completed on 2025-03-25 11:17:54
